Métrica,Valor
Acurácia,0.7
Precisão,0.8
Recall,0.6666666666666666
F1-Score,0.7272727272727273
AUC-ROC,0.7083333333333334
